target_id,source_id,weight
8_68,7_67,0.0626123039653339
8_68,7_68,0.125224607930668
8_68,7_69,0.0626123039653339
8_68,8_67,0.125005354756002
8_68,8_68,0.250010709512004
8_68,8_69,0.125005354756002
8_68,9_67,0.0623823412786641
8_68,9_68,0.124764682557328
8_68,9_69,0.0623823412786641
8_70,7_69,0.0626123039653339
8_70,7_70,0.125224607930668
8_70,7_71,0.0626123039653339
8_70,8_69,0.125005354756002
8_70,8_70,0.250010709512004
8_70,8_71,0.125005354756002
8_70,9_69,0.0623823412786641
8_70,9_70,0.124764682557328
8_70,9_71,0.0623823412786641
8_72,7_71,0.0626123039653339
8_72,7_72,0.125224607930668
8_72,7_73,0.0626123039653339
8_72,8_71,0.125005354756002
8_72,8_72,0.250010709512004
8_72,8_73,0.125005354756002
8_72,9_71,0.0623823412786641
8_72,9_72,0.124764682557328
8_72,9_73,0.0623823412786641
8_74,7_73,0.0626123039653339
8_74,7_74,0.125224607930668
8_74,7_75,0.0626123039653339
8_74,8_73,0.125005354756002
8_74,8_74,0.250010709512004
8_74,8_75,0.125005354756002
8_74,9_73,0.0623823412786641
8_74,9_74,0.124764682557328
8_74,9_75,0.0623823412786641
8_76,7_75,0.0626123039653339
8_76,7_76,0.125224607930668
8_76,7_77,0.0626123039653339
8_76,8_75,0.125005354756002
8_76,8_76,0.250010709512004
8_76,8_77,0.125005354756002
8_76,9_75,0.0623823412786641
8_76,9_76,0.124764682557328
8_76,9_77,0.0623823412786641
8_78,7_77,0.0626123039653339
8_78,7_78,0.125224607930668
8_78,7_79,0.0626123039653339
8_78,8_77,0.125005354756002
8_78,8_78,0.250010709512004
8_78,8_79,0.125005354756002
8_78,9_77,0.0623823412786641
8_78,9_78,0.124764682557328
8_78,9_79,0.0623823412786641
8_80,7_79,0.0626123039653339
8_80,7_80,0.125224607930668
8_80,7_81,0.0626123039653339
8_80,8_79,0.125005354756002
8_80,8_80,0.250010709512004
8_80,8_81,0.125005354756002
8_80,9_79,0.0623823412786641
8_80,9_80,0.124764682557328
8_80,9_81,0.0623823412786641
8_82,7_81,0.0626123039653339
8_82,7_82,0.125224607930668
8_82,7_83,0.0626123039653339
8_82,8_81,0.125005354756002
8_82,8_82,0.250010709512004
8_82,8_83,0.125005354756002
8_82,9_81,0.0623823412786641
8_82,9_82,0.124764682557328
8_82,9_83,0.0623823412786641
8_84,7_83,0.0626123039653339
8_84,7_84,0.125224607930668
8_84,7_85,0.0626123039653339
8_84,8_83,0.125005354756002
8_84,8_84,0.250010709512004
8_84,8_85,0.125005354756002
8_84,9_83,0.0623823412786641
8_84,9_84,0.124764682557328
8_84,9_85,0.0623823412786641
8_86,7_85,0.0626123039653339
8_86,7_86,0.125224607930668
8_86,7_87,0.0626123039653339
8_86,8_85,0.125005354756002
8_86,8_86,0.250010709512004
8_86,8_87,0.125005354756002
8_86,9_85,0.0623823412786641
8_86,9_86,0.124764682557328
8_86,9_87,0.0623823412786641
8_88,7_87,0.0626123039653339
8_88,7_88,0.125224607930668
8_88,7_89,0.0626123039653339
8_88,8_87,0.125005354756002
8_88,8_88,0.250010709512004
8_88,8_89,0.125005354756002
8_88,9_87,0.0623823412786641
8_88,9_88,0.124764682557328
8_88,9_89,0.0623823412786641
8_90,7_89,0.0626123039653339
8_90,7_90,0.125224607930668
8_90,7_91,0.0626123039653339
8_90,8_89,0.125005354756002
8_90,8_90,0.250010709512004
8_90,8_91,0.125005354756002
8_90,9_89,0.0623823412786641
8_90,9_90,0.124764682557328
8_90,9_91,0.0623823412786641
8_92,7_91,0.0626123039653339
8_92,7_92,0.125224607930668
8_92,7_93,0.0626123039653339
8_92,8_91,0.125005354756002
8_92,8_92,0.250010709512004
8_92,8_93,0.125005354756002
8_92,9_91,0.0623823412786641
8_92,9_92,0.124764682557328
8_92,9_93,0.0623823412786641
8_94,7_93,0.0626123039653339
8_94,7_94,0.125224607930668
8_94,7_95,0.0626123039653339
8_94,8_93,0.125005354756002
8_94,8_94,0.250010709512004
8_94,8_95,0.125005354756002
8_94,9_93,0.0623823412786641
8_94,9_94,0.124764682557328
8_94,9_95,0.0623823412786641
8_96,7_95,0.0626123039653339
8_96,7_96,0.125224607930668
8_96,7_97,0.0626123039653339
8_96,8_95,0.125005354756002
8_96,8_96,0.250010709512004
8_96,8_97,0.125005354756002
8_96,9_95,0.0623823412786641
8_96,9_96,0.124764682557328
8_96,9_97,0.0623823412786641
8_98,7_97,0.0626123039653339
8_98,7_98,0.125224607930668
8_98,7_99,0.0626123039653339
8_98,8_97,0.125005354756002
8_98,8_98,0.250010709512004
8_98,8_99,0.125005354756002
8_98,9_97,0.0623823412786641
8_98,9_98,0.124764682557328
8_98,9_99,0.0623823412786641
8_100,7_99,0.0834830719537785
8_100,7_100,0.166966143907557
8_100,8_99,0.166673806341336
8_100,8_100,0.333347612682672
8_100,9_99,0.0831764550382188
8_100,9_100,0.166352910076438
10_68,9_67,0.0626415818556301
10_68,9_68,0.12528316371126
10_68,9_69,0.0626415818556301
10_68,10_67,0.125005354756002
10_68,10_68,0.250010709512004
10_68,10_69,0.125005354756002
10_68,11_67,0.0623530633883679
10_68,11_68,0.124706126776736
10_68,11_69,0.0623530633883679
10_70,9_69,0.0626415818556301
10_70,9_70,0.12528316371126
10_70,9_71,0.0626415818556301
10_70,10_69,0.125005354756002
10_70,10_70,0.250010709512004
10_70,10_71,0.125005354756002
10_70,11_69,0.0623530633883679
10_70,11_70,0.124706126776736
10_70,11_71,0.0623530633883679
10_72,9_71,0.0626415818556301
10_72,9_72,0.12528316371126
10_72,9_73,0.0626415818556301
10_72,10_71,0.125005354756002
10_72,10_72,0.250010709512004
10_72,10_73,0.125005354756002
10_72,11_71,0.0623530633883679
10_72,11_72,0.124706126776736
10_72,11_73,0.0623530633883679
10_74,9_73,0.0626415818556301
10_74,9_74,0.12528316371126
10_74,9_75,0.0626415818556301
10_74,10_73,0.125005354756002
10_74,10_74,0.250010709512004
10_74,10_75,0.125005354756002
10_74,11_73,0.0623530633883679
10_74,11_74,0.124706126776736
10_74,11_75,0.0623530633883679
10_76,9_75,0.0626415818556301
10_76,9_76,0.12528316371126
10_76,9_77,0.0626415818556301
10_76,10_75,0.125005354756002
10_76,10_76,0.250010709512004
10_76,10_77,0.125005354756002
10_76,11_75,0.0623530633883679
10_76,11_76,0.124706126776736
10_76,11_77,0.0623530633883679
10_78,9_77,0.0626415818556301
10_78,9_78,0.12528316371126
10_78,9_79,0.0626415818556301
10_78,10_77,0.125005354756002
10_78,10_78,0.250010709512004
10_78,10_79,0.125005354756002
10_78,11_77,0.0623530633883679
10_78,11_78,0.124706126776736
10_78,11_79,0.0623530633883679
10_80,9_79,0.0626415818556301
10_80,9_80,0.12528316371126
10_80,9_81,0.0626415818556301
10_80,10_79,0.125005354756002
10_80,10_80,0.250010709512004
10_80,10_81,0.125005354756002
10_80,11_79,0.0623530633883679
10_80,11_80,0.124706126776736
10_80,11_81,0.0623530633883679
10_82,9_81,0.0626415818556301
10_82,9_82,0.12528316371126
10_82,9_83,0.0626415818556301
10_82,10_81,0.125005354756002
10_82,10_82,0.250010709512004
10_82,10_83,0.125005354756002
10_82,11_81,0.0623530633883679
10_82,11_82,0.124706126776736
10_82,11_83,0.0623530633883679
10_84,9_83,0.0626415818556301
10_84,9_84,0.12528316371126
10_84,9_85,0.0626415818556301
10_84,10_83,0.125005354756002
10_84,10_84,0.250010709512004
10_84,10_85,0.125005354756002
10_84,11_83,0.0623530633883679
10_84,11_84,0.124706126776736
10_84,11_85,0.0623530633883679
10_86,9_85,0.0626415818556301
10_86,9_86,0.12528316371126
10_86,9_87,0.0626415818556301
10_86,10_85,0.125005354756002
10_86,10_86,0.250010709512004
10_86,10_87,0.125005354756002
10_86,11_85,0.0623530633883679
10_86,11_86,0.124706126776736
10_86,11_87,0.0623530633883679
10_88,9_87,0.0626415818556301
10_88,9_88,0.12528316371126
10_88,9_89,0.0626415818556301
10_88,10_87,0.125005354756002
10_88,10_88,0.250010709512004
10_88,10_89,0.125005354756002
10_88,11_87,0.0623530633883679
10_88,11_88,0.124706126776736
10_88,11_89,0.0623530633883679
10_90,9_89,0.0626415818556301
10_90,9_90,0.12528316371126
10_90,9_91,0.0626415818556301
10_90,10_89,0.125005354756002
10_90,10_90,0.250010709512004
10_90,10_91,0.125005354756002
10_90,11_89,0.0623530633883679
10_90,11_90,0.124706126776736
10_90,11_91,0.0623530633883679
10_92,9_91,0.0626415818556301
10_92,9_92,0.12528316371126
10_92,9_93,0.0626415818556301
10_92,10_91,0.125005354756002
10_92,10_92,0.250010709512004
10_92,10_93,0.125005354756002
10_92,11_91,0.0623530633883679
10_92,11_92,0.124706126776736
10_92,11_93,0.0623530633883679
10_94,9_93,0.0626415818556301
10_94,9_94,0.12528316371126
10_94,9_95,0.0626415818556301
10_94,10_93,0.125005354756002
10_94,10_94,0.250010709512004
10_94,10_95,0.125005354756002
10_94,11_93,0.0623530633883679
10_94,11_94,0.124706126776736
10_94,11_95,0.0623530633883679
10_96,9_95,0.0626415818556301
10_96,9_96,0.12528316371126
10_96,9_97,0.0626415818556301
10_96,10_95,0.125005354756002
10_96,10_96,0.250010709512004
10_96,10_97,0.125005354756002
10_96,11_95,0.0623530633883679
10_96,11_96,0.124706126776736
10_96,11_97,0.0623530633883679
10_98,9_97,0.0626415818556301
10_98,9_98,0.12528316371126
10_98,9_99,0.0626415818556301
10_98,10_97,0.125005354756002
10_98,10_98,0.250010709512004
10_98,10_99,0.125005354756002
10_98,11_97,0.0623530633883679
10_98,11_98,0.124706126776736
10_98,11_99,0.0623530633883679
10_100,9_99,0.0835221091408402
10_100,9_100,0.16704421828168
10_100,10_99,0.166673806341336
10_100,10_100,0.333347612682672
10_100,11_99,0.0831374178511571
10_100,11_100,0.166274835702314
12_68,11_67,0.0626712225354812
12_68,11_68,0.125342445070962
12_68,11_69,0.0626712225354812
12_68,12_67,0.125005354756002
12_68,12_68,0.250010709512004
12_68,12_69,0.125005354756002
12_68,13_67,0.0623234227085167
12_68,13_68,0.124646845417033
12_68,13_69,0.0623234227085167
12_70,11_69,0.0626712225354812
12_70,11_70,0.125342445070962
12_70,11_71,0.0626712225354812
12_70,12_69,0.125005354756002
12_70,12_70,0.250010709512004
12_70,12_71,0.125005354756002
12_70,13_69,0.0623234227085167
12_70,13_70,0.124646845417033
12_70,13_71,0.0623234227085167
12_72,11_71,0.0626712225354812
12_72,11_72,0.125342445070962
12_72,11_73,0.0626712225354812
12_72,12_71,0.125005354756002
12_72,12_72,0.250010709512004
12_72,12_73,0.125005354756002
12_72,13_71,0.0623234227085167
12_72,13_72,0.124646845417033
12_72,13_73,0.0623234227085167
12_74,11_73,0.0626712225354812
12_74,11_74,0.125342445070962
12_74,11_75,0.0626712225354812
12_74,12_73,0.125005354756002
12_74,12_74,0.250010709512004
12_74,12_75,0.125005354756002
12_74,13_73,0.0623234227085167
12_74,13_74,0.124646845417033
12_74,13_75,0.0623234227085167
12_76,11_75,0.0626712225354812
12_76,11_76,0.125342445070962
12_76,11_77,0.0626712225354812
12_76,12_75,0.125005354756002
12_76,12_76,0.250010709512004
12_76,12_77,0.125005354756002
12_76,13_75,0.0623234227085167
12_76,13_76,0.124646845417033
12_76,13_77,0.0623234227085167
12_78,11_77,0.0626712225354812
12_78,11_78,0.125342445070962
12_78,11_79,0.0626712225354812
12_78,12_77,0.125005354756002
12_78,12_78,0.250010709512004
12_78,12_79,0.125005354756002
12_78,13_77,0.0623234227085167
12_78,13_78,0.124646845417033
12_78,13_79,0.0623234227085167
12_80,11_79,0.0626712225354812
12_80,11_80,0.125342445070962
12_80,11_81,0.0626712225354812
12_80,12_79,0.125005354756002
12_80,12_80,0.250010709512004
12_80,12_81,0.125005354756002
12_80,13_79,0.0623234227085167
12_80,13_80,0.124646845417033
12_80,13_81,0.0623234227085167
12_82,11_81,0.0626712225354812
12_82,11_82,0.125342445070962
12_82,11_83,0.0626712225354812
12_82,12_81,0.125005354756002
12_82,12_82,0.250010709512004
12_82,12_83,0.125005354756002
12_82,13_81,0.0623234227085167
12_82,13_82,0.124646845417033
12_82,13_83,0.0623234227085167
12_84,11_83,0.0626712225354812
12_84,11_84,0.125342445070962
12_84,11_85,0.0626712225354812
12_84,12_83,0.125005354756002
12_84,12_84,0.250010709512004
12_84,12_85,0.125005354756002
12_84,13_83,0.0623234227085167
12_84,13_84,0.124646845417033
12_84,13_85,0.0623234227085167
12_86,11_85,0.0626712225354812
12_86,11_86,0.125342445070962
12_86,11_87,0.0626712225354812
12_86,12_85,0.125005354756002
12_86,12_86,0.250010709512004
12_86,12_87,0.125005354756002
12_86,13_85,0.0623234227085167
12_86,13_86,0.124646845417033
12_86,13_87,0.0623234227085167
12_88,11_87,0.0626712225354812
12_88,11_88,0.125342445070962
12_88,11_89,0.0626712225354812
12_88,12_87,0.125005354756002
12_88,12_88,0.250010709512004
12_88,12_89,0.125005354756002
12_88,13_87,0.0623234227085167
12_88,13_88,0.124646845417033
12_88,13_89,0.0623234227085167
12_90,11_89,0.0626712225354812
12_90,11_90,0.125342445070962
12_90,11_91,0.0626712225354812
12_90,12_89,0.125005354756002
12_90,12_90,0.250010709512004
12_90,12_91,0.125005354756002
12_90,13_89,0.0623234227085167
12_90,13_90,0.124646845417033
12_90,13_91,0.0623234227085167
12_92,11_91,0.0626712225354812
12_92,11_92,0.125342445070962
12_92,11_93,0.0626712225354812
12_92,12_91,0.125005354756002
12_92,12_92,0.250010709512004
12_92,12_93,0.125005354756002
12_92,13_91,0.0623234227085167
12_92,13_92,0.124646845417033
12_92,13_93,0.0623234227085167
12_94,11_93,0.0626712225354812
12_94,11_94,0.125342445070962
12_94,11_95,0.0626712225354812
12_94,12_93,0.125005354756002
12_94,12_94,0.250010709512004
12_94,12_95,0.125005354756002
12_94,13_93,0.0623234227085167
12_94,13_94,0.124646845417033
12_94,13_95,0.0623234227085167
12_96,11_95,0.0626712225354812
12_96,11_96,0.125342445070962
12_96,11_97,0.0626712225354812
12_96,12_95,0.125005354756002
12_96,12_96,0.250010709512004
12_96,12_97,0.125005354756002
12_96,13_95,0.0623234227085167
12_96,13_96,0.124646845417033
12_96,13_97,0.0623234227085167
12_98,11_97,0.0626712225354812
12_98,11_98,0.125342445070962
12_98,11_99,0.0626712225354812
12_98,12_97,0.125005354756002
12_98,12_98,0.250010709512004
12_98,12_99,0.125005354756002
12_98,13_97,0.0623234227085167
12_98,13_98,0.124646845417033
12_98,13_99,0.0623234227085167
12_100,11_99,0.0835616300473083
12_100,11_100,0.167123260094617
12_100,12_99,0.166673806341336
12_100,12_100,0.333347612682672
12_100,13_99,0.083097896944689
12_100,13_100,0.166195793889378
14_68,13_67,0.0627013065300114
14_68,13_68,0.125402613060023
14_68,13_69,0.0627013065300114
14_68,14_67,0.125005354756002
14_68,14_68,0.250010709512004
14_68,14_69,0.125005354756002
14_68,15_67,0.0622933387139866
14_68,15_68,0.124586677427973
14_68,15_69,0.0622933387139866
14_70,13_69,0.0627013065300114
14_70,13_70,0.125402613060023
14_70,13_71,0.0627013065300114
14_70,14_69,0.125005354756002
14_70,14_70,0.250010709512004
14_70,14_71,0.125005354756002
14_70,15_69,0.0622933387139866
14_70,15_70,0.124586677427973
14_70,15_71,0.0622933387139866
14_72,13_71,0.0627013065300114
14_72,13_72,0.125402613060023
14_72,13_73,0.0627013065300114
14_72,14_71,0.125005354756002
14_72,14_72,0.250010709512004
14_72,14_73,0.125005354756002
14_72,15_71,0.0622933387139866
14_72,15_72,0.124586677427973
14_72,15_73,0.0622933387139866
14_74,13_73,0.0627013065300114
14_74,13_74,0.125402613060023
14_74,13_75,0.0627013065300114
14_74,14_73,0.125005354756002
14_74,14_74,0.250010709512004
14_74,14_75,0.125005354756002
14_74,15_73,0.0622933387139866
14_74,15_74,0.124586677427973
14_74,15_75,0.0622933387139866
14_76,13_75,0.0627013065300114
14_76,13_76,0.125402613060023
14_76,13_77,0.0627013065300114
14_76,14_75,0.125005354756002
14_76,14_76,0.250010709512004
14_76,14_77,0.125005354756002
14_76,15_75,0.0622933387139866
14_76,15_76,0.124586677427973
14_76,15_77,0.0622933387139866
14_78,13_77,0.0627013065300114
14_78,13_78,0.125402613060023
14_78,13_79,0.0627013065300114
14_78,14_77,0.125005354756002
14_78,14_78,0.250010709512004
14_78,14_79,0.125005354756002
14_78,15_77,0.0622933387139866
14_78,15_78,0.124586677427973
14_78,15_79,0.0622933387139866
14_80,13_79,0.0627013065300114
14_80,13_80,0.125402613060023
14_80,13_81,0.0627013065300114
14_80,14_79,0.125005354756002
14_80,14_80,0.250010709512004
14_80,14_81,0.125005354756002
14_80,15_79,0.0622933387139866
14_80,15_80,0.124586677427973
14_80,15_81,0.0622933387139866
14_82,13_81,0.0627013065300114
14_82,13_82,0.125402613060023
14_82,13_83,0.0627013065300114
14_82,14_81,0.125005354756002
14_82,14_82,0.250010709512004
14_82,14_83,0.125005354756002
14_82,15_81,0.0622933387139866
14_82,15_82,0.124586677427973
14_82,15_83,0.0622933387139866
14_84,13_83,0.0627013065300114
14_84,13_84,0.125402613060023
14_84,13_85,0.0627013065300114
14_84,14_83,0.125005354756002
14_84,14_84,0.250010709512004
14_84,14_85,0.125005354756002
14_84,15_83,0.0622933387139866
14_84,15_84,0.124586677427973
14_84,15_85,0.0622933387139866
14_86,13_85,0.0627013065300114
14_86,13_86,0.125402613060023
14_86,13_87,0.0627013065300114
14_86,14_85,0.125005354756002
14_86,14_86,0.250010709512004
14_86,14_87,0.125005354756002
14_86,15_85,0.0622933387139866
14_86,15_86,0.124586677427973
14_86,15_87,0.0622933387139866
14_88,13_87,0.0627013065300114
14_88,13_88,0.125402613060023
14_88,13_89,0.0627013065300114
14_88,14_87,0.125005354756002
14_88,14_88,0.250010709512004
14_88,14_89,0.125005354756002
14_88,15_87,0.0622933387139866
14_88,15_88,0.124586677427973
14_88,15_89,0.0622933387139866
14_90,13_89,0.0627013065300114
14_90,13_90,0.125402613060023
14_90,13_91,0.0627013065300114
14_90,14_89,0.125005354756002
14_90,14_90,0.250010709512004
14_90,14_91,0.125005354756002
14_90,15_89,0.0622933387139866
14_90,15_90,0.124586677427973
14_90,15_91,0.0622933387139866
14_92,13_91,0.0627013065300114
14_92,13_92,0.125402613060023
14_92,13_93,0.0627013065300114
14_92,14_91,0.125005354756002
14_92,14_92,0.250010709512004
14_92,14_93,0.125005354756002
14_92,15_91,0.0622933387139866
14_92,15_92,0.124586677427973
14_92,15_93,0.0622933387139866
14_94,13_93,0.0627013065300114
14_94,13_94,0.125402613060023
14_94,13_95,0.0627013065300114
14_94,14_93,0.125005354756002
14_94,14_94,0.250010709512004
14_94,14_95,0.125005354756002
14_94,15_93,0.0622933387139866
14_94,15_94,0.124586677427973
14_94,15_95,0.0622933387139866
14_96,13_95,0.0627013065300114
14_96,13_96,0.125402613060023
14_96,13_97,0.0627013065300114
14_96,14_95,0.125005354756002
14_96,14_96,0.250010709512004
14_96,14_97,0.125005354756002
14_96,15_95,0.0622933387139866
14_96,15_96,0.124586677427973
14_96,15_97,0.0622933387139866
14_98,13_97,0.0627013065300114
14_98,13_98,0.125402613060023
14_98,13_99,0.0627013065300114
14_98,14_97,0.125005354756002
14_98,14_98,0.250010709512004
14_98,14_99,0.125005354756002
14_98,15_97,0.0622933387139866
14_98,15_98,0.124586677427973
14_98,15_99,0.0622933387139866
14_100,13_99,0.0836017420400152
14_100,13_100,0.16720348408003
14_100,14_99,0.166673806341336
14_100,14_100,0.333347612682672
14_100,15_99,0.0830577849519821
14_100,15_100,0.166115569903964
16_68,15_67,0.0627319189919398
16_68,15_68,0.12546383798388
16_68,15_69,0.0627319189919398
16_68,16_67,0.125005354756002
16_68,16_68,0.250010709512004
16_68,16_69,0.125005354756002
16_68,17_67,0.0622627262520582
16_68,17_68,0.124525452504116
16_68,17_69,0.0622627262520582
16_70,15_69,0.0627319189919398
16_70,15_70,0.12546383798388
16_70,15_71,0.0627319189919398
16_70,16_69,0.125005354756002
16_70,16_70,0.250010709512004
16_70,16_71,0.125005354756002
16_70,17_69,0.0622627262520582
16_70,17_70,0.124525452504116
16_70,17_71,0.0622627262520582
16_72,15_71,0.0627319189919398
16_72,15_72,0.12546383798388
16_72,15_73,0.0627319189919398
16_72,16_71,0.125005354756002
16_72,16_72,0.250010709512004
16_72,16_73,0.125005354756002
16_72,17_71,0.0622627262520582
16_72,17_72,0.124525452504116
16_72,17_73,0.0622627262520582
16_74,15_73,0.0627319189919398
16_74,15_74,0.12546383798388
16_74,15_75,0.0627319189919398
16_74,16_73,0.125005354756002
16_74,16_74,0.250010709512004
16_74,16_75,0.125005354756002
16_74,17_73,0.0622627262520582
16_74,17_74,0.124525452504116
16_74,17_75,0.0622627262520582
16_76,15_75,0.0627319189919398
16_76,15_76,0.12546383798388
16_76,15_77,0.0627319189919398
16_76,16_75,0.125005354756002
16_76,16_76,0.250010709512004
16_76,16_77,0.125005354756002
16_76,17_75,0.0622627262520582
16_76,17_76,0.124525452504116
16_76,17_77,0.0622627262520582
16_78,15_77,0.0627319189919398
16_78,15_78,0.12546383798388
16_78,15_79,0.0627319189919398
16_78,16_77,0.125005354756002
16_78,16_78,0.250010709512004
16_78,16_79,0.125005354756002
16_78,17_77,0.0622627262520582
16_78,17_78,0.124525452504116
16_78,17_79,0.0622627262520582
16_80,15_79,0.0627319189919398
16_80,15_80,0.12546383798388
16_80,15_81,0.0627319189919398
16_80,16_79,0.125005354756002
16_80,16_80,0.250010709512004
16_80,16_81,0.125005354756002
16_80,17_79,0.0622627262520582
16_80,17_80,0.124525452504116
16_80,17_81,0.0622627262520582
16_82,15_81,0.0627319189919398
16_82,15_82,0.12546383798388
16_82,15_83,0.0627319189919398
16_82,16_81,0.125005354756002
16_82,16_82,0.250010709512004
16_82,16_83,0.125005354756002
16_82,17_81,0.0622627262520582
16_82,17_82,0.124525452504116
16_82,17_83,0.0622627262520582
16_84,15_83,0.0627319189919398
16_84,15_84,0.12546383798388
16_84,15_85,0.0627319189919398
16_84,16_83,0.125005354756002
16_84,16_84,0.250010709512004
16_84,16_85,0.125005354756002
16_84,17_83,0.0622627262520582
16_84,17_84,0.124525452504116
16_84,17_85,0.0622627262520582
16_86,15_85,0.0627319189919398
16_86,15_86,0.12546383798388
16_86,15_87,0.0627319189919398
16_86,16_85,0.125005354756002
16_86,16_86,0.250010709512004
16_86,16_87,0.125005354756002
16_86,17_85,0.0622627262520582
16_86,17_86,0.124525452504116
16_86,17_87,0.0622627262520582
16_88,15_87,0.0627319189919398
16_88,15_88,0.12546383798388
16_88,15_89,0.0627319189919398
16_88,16_87,0.125005354756002
16_88,16_88,0.250010709512004
16_88,16_89,0.125005354756002
16_88,17_87,0.0622627262520582
16_88,17_88,0.124525452504116
16_88,17_89,0.0622627262520582
16_90,15_89,0.0627319189919398
16_90,15_90,0.12546383798388
16_90,15_91,0.0627319189919398
16_90,16_89,0.125005354756002
16_90,16_90,0.250010709512004
16_90,16_91,0.125005354756002
16_90,17_89,0.0622627262520582
16_90,17_90,0.124525452504116
16_90,17_91,0.0622627262520582
16_92,15_91,0.0627319189919398
16_92,15_92,0.12546383798388
16_92,15_93,0.0627319189919398
16_92,16_91,0.125005354756002
16_92,16_92,0.250010709512004
16_92,16_93,0.125005354756002
16_92,17_91,0.0622627262520582
16_92,17_92,0.124525452504116
16_92,17_93,0.0622627262520582
16_94,15_93,0.0627319189919398
16_94,15_94,0.12546383798388
16_94,15_95,0.0627319189919398
16_94,16_93,0.125005354756002
16_94,16_94,0.250010709512004
16_94,16_95,0.125005354756002
16_94,17_93,0.0622627262520582
16_94,17_94,0.124525452504116
16_94,17_95,0.0622627262520582
16_96,15_95,0.0627319189919398
16_96,15_96,0.12546383798388
16_96,15_97,0.0627319189919398
16_96,16_95,0.125005354756002
16_96,16_96,0.250010709512004
16_96,16_97,0.125005354756002
16_96,17_95,0.0622627262520582
16_96,17_96,0.124525452504116
16_96,17_97,0.0622627262520582
16_98,15_97,0.0627319189919398
16_98,15_98,0.12546383798388
16_98,15_99,0.0627319189919398
16_98,16_97,0.125005354756002
16_98,16_98,0.250010709512004
16_98,16_99,0.125005354756002
16_98,17_97,0.0622627262520582
16_98,17_98,0.124525452504116
16_98,17_99,0.0622627262520582
16_100,15_99,0.0836425586559198
16_100,15_100,0.167285117311839
16_100,16_99,0.166673806341336
16_100,16_100,0.333347612682672
16_100,17_99,0.0830169683360776
16_100,17_100,0.166033936672155
18_68,17_67,0.0627631507226214
18_68,17_68,0.125526301445243
18_68,17_69,0.0627631507226214
18_68,18_67,0.125005354756002
18_68,18_68,0.250010709512004
18_68,18_69,0.125005354756002
18_68,19_67,0.0622314945213766
18_68,19_68,0.124462989042753
18_68,19_69,0.0622314945213766
18_70,17_69,0.0627631507226214
18_70,17_70,0.125526301445243
18_70,17_71,0.0627631507226214
18_70,18_69,0.125005354756002
18_70,18_70,0.250010709512004
18_70,18_71,0.125005354756002
18_70,19_69,0.0622314945213766
18_70,19_70,0.124462989042753
18_70,19_71,0.0622314945213766
18_72,17_71,0.0627631507226214
18_72,17_72,0.125526301445243
18_72,17_73,0.0627631507226214
18_72,18_71,0.125005354756002
18_72,18_72,0.250010709512004
18_72,18_73,0.125005354756002
18_72,19_71,0.0622314945213766
18_72,19_72,0.124462989042753
18_72,19_73,0.0622314945213766
18_74,17_73,0.0627631507226214
18_74,17_74,0.125526301445243
18_74,17_75,0.0627631507226214
18_74,18_73,0.125005354756002
18_74,18_74,0.250010709512004
18_74,18_75,0.125005354756002
18_74,19_73,0.0622314945213766
18_74,19_74,0.124462989042753
18_74,19_75,0.0622314945213766
18_76,17_75,0.0627631507226214
18_76,17_76,0.125526301445243
18_76,17_77,0.0627631507226214
18_76,18_75,0.125005354756002
18_76,18_76,0.250010709512004
18_76,18_77,0.125005354756002
18_76,19_75,0.0622314945213766
18_76,19_76,0.124462989042753
18_76,19_77,0.0622314945213766
18_78,17_77,0.0627631507226214
18_78,17_78,0.125526301445243
18_78,17_79,0.0627631507226214
18_78,18_77,0.125005354756002
18_78,18_78,0.250010709512004
18_78,18_79,0.125005354756002
18_78,19_77,0.0622314945213766
18_78,19_78,0.124462989042753
18_78,19_79,0.0622314945213766
18_80,17_79,0.0627631507226214
18_80,17_80,0.125526301445243
18_80,17_81,0.0627631507226214
18_80,18_79,0.125005354756002
18_80,18_80,0.250010709512004
18_80,18_81,0.125005354756002
18_80,19_79,0.0622314945213766
18_80,19_80,0.124462989042753
18_80,19_81,0.0622314945213766
18_82,17_81,0.0627631507226214
18_82,17_82,0.125526301445243
18_82,17_83,0.0627631507226214
18_82,18_81,0.125005354756002
18_82,18_82,0.250010709512004
18_82,18_83,0.125005354756002
18_82,19_81,0.0622314945213766
18_82,19_82,0.124462989042753
18_82,19_83,0.0622314945213766
18_84,17_83,0.0627631507226214
18_84,17_84,0.125526301445243
18_84,17_85,0.0627631507226214
18_84,18_83,0.125005354756002
18_84,18_84,0.250010709512004
18_84,18_85,0.125005354756002
18_84,19_83,0.0622314945213766
18_84,19_84,0.124462989042753
18_84,19_85,0.0622314945213766
18_86,17_85,0.0627631507226214
18_86,17_86,0.125526301445243
18_86,17_87,0.0627631507226214
18_86,18_85,0.125005354756002
18_86,18_86,0.250010709512004
18_86,18_87,0.125005354756002
18_86,19_85,0.0622314945213766
18_86,19_86,0.124462989042753
18_86,19_87,0.0622314945213766
18_88,17_87,0.0627631507226214
18_88,17_88,0.125526301445243
18_88,17_89,0.0627631507226214
18_88,18_87,0.125005354756002
18_88,18_88,0.250010709512004
18_88,18_89,0.125005354756002
18_88,19_87,0.0622314945213766
18_88,19_88,0.124462989042753
18_88,19_89,0.0622314945213766
18_90,17_89,0.0627631507226214
18_90,17_90,0.125526301445243
18_90,17_91,0.0627631507226214
18_90,18_89,0.125005354756002
18_90,18_90,0.250010709512004
18_90,18_91,0.125005354756002
18_90,19_89,0.0622314945213766
18_90,19_90,0.124462989042753
18_90,19_91,0.0622314945213766
18_92,17_91,0.0627631507226214
18_92,17_92,0.125526301445243
18_92,17_93,0.0627631507226214
18_92,18_91,0.125005354756002
18_92,18_92,0.250010709512004
18_92,18_93,0.125005354756002
18_92,19_91,0.0622314945213766
18_92,19_92,0.124462989042753
18_92,19_93,0.0622314945213766
18_94,17_93,0.0627631507226214
18_94,17_94,0.125526301445243
18_94,17_95,0.0627631507226214
18_94,18_93,0.125005354756002
18_94,18_94,0.250010709512004
18_94,18_95,0.125005354756002
18_94,19_93,0.0622314945213766
18_94,19_94,0.124462989042753
18_94,19_95,0.0622314945213766
18_96,17_95,0.0627631507226214
18_96,17_96,0.125526301445243
18_96,17_97,0.0627631507226214
18_96,18_95,0.125005354756002
18_96,18_96,0.250010709512004
18_96,18_97,0.125005354756002
18_96,19_95,0.0622314945213766
18_96,19_96,0.124462989042753
18_96,19_97,0.0622314945213766
18_98,17_97,0.0627631507226214
18_98,17_98,0.125526301445243
18_98,17_99,0.0627631507226214
18_98,18_97,0.125005354756002
18_98,18_98,0.250010709512004
18_98,18_99,0.125005354756002
18_98,19_97,0.0622314945213766
18_98,19_98,0.124462989042753
18_98,19_99,0.0622314945213766
18_100,17_99,0.0836842009634952
18_100,17_100,0.16736840192699
18_100,18_99,0.166673806341336
18_100,18_100,0.333347612682672
18_100,19_99,0.0829753260285021
18_100,19_100,0.165950652057004
20_68,19_67,0.0627950993255348
20_68,19_68,0.12559019865107
20_68,19_69,0.0627950993255348
20_68,20_67,0.125005354756002
20_68,20_68,0.250010709512004
20_68,20_69,0.125005354756002
20_68,21_67,0.0621995459184632
20_68,21_68,0.124399091836926
20_68,21_69,0.0621995459184632
20_70,19_69,0.0627950993255348
20_70,19_70,0.12559019865107
20_70,19_71,0.0627950993255348
20_70,20_69,0.125005354756002
20_70,20_70,0.250010709512004
20_70,20_71,0.125005354756002
20_70,21_69,0.0621995459184632
20_70,21_70,0.124399091836926
20_70,21_71,0.0621995459184632
20_72,19_71,0.0627950993255348
20_72,19_72,0.12559019865107
20_72,19_73,0.0627950993255348
20_72,20_71,0.125005354756002
20_72,20_72,0.250010709512004
20_72,20_73,0.125005354756002
20_72,21_71,0.0621995459184632
20_72,21_72,0.124399091836926
20_72,21_73,0.0621995459184632
20_74,19_73,0.0627950993255348
20_74,19_74,0.12559019865107
20_74,19_75,0.0627950993255348
20_74,20_73,0.125005354756002
20_74,20_74,0.250010709512004
20_74,20_75,0.125005354756002
20_74,21_73,0.0621995459184632
20_74,21_74,0.124399091836926
20_74,21_75,0.0621995459184632
20_76,19_75,0.0627950993255348
20_76,19_76,0.12559019865107
20_76,19_77,0.0627950993255348
20_76,20_75,0.125005354756002
20_76,20_76,0.250010709512004
20_76,20_77,0.125005354756002
20_76,21_75,0.0621995459184632
20_76,21_76,0.124399091836926
20_76,21_77,0.0621995459184632
20_78,19_77,0.0627950993255348
20_78,19_78,0.12559019865107
20_78,19_79,0.0627950993255348
20_78,20_77,0.125005354756002
20_78,20_78,0.250010709512004
20_78,20_79,0.125005354756002
20_78,21_77,0.0621995459184632
20_78,21_78,0.124399091836926
20_78,21_79,0.0621995459184632
20_80,19_79,0.0627950993255348
20_80,19_80,0.12559019865107
20_80,19_81,0.0627950993255348
20_80,20_79,0.125005354756002
20_80,20_80,0.250010709512004
20_80,20_81,0.125005354756002
20_80,21_79,0.0621995459184632
20_80,21_80,0.124399091836926
20_80,21_81,0.0621995459184632
20_82,19_81,0.0627950993255348
20_82,19_82,0.12559019865107
20_82,19_83,0.0627950993255348
20_82,20_81,0.125005354756002
20_82,20_82,0.250010709512004
20_82,20_83,0.125005354756002
20_82,21_81,0.0621995459184632
20_82,21_82,0.124399091836926
20_82,21_83,0.0621995459184632
20_84,19_83,0.0627950993255348
20_84,19_84,0.12559019865107
20_84,19_85,0.0627950993255348
20_84,20_83,0.125005354756002
20_84,20_84,0.250010709512004
20_84,20_85,0.125005354756002
20_84,21_83,0.0621995459184632
20_84,21_84,0.124399091836926
20_84,21_85,0.0621995459184632
20_86,19_85,0.0627950993255348
20_86,19_86,0.12559019865107
20_86,19_87,0.0627950993255348
20_86,20_85,0.125005354756002
20_86,20_86,0.250010709512004
20_86,20_87,0.125005354756002
20_86,21_85,0.0621995459184632
20_86,21_86,0.124399091836926
20_86,21_87,0.0621995459184632
20_88,19_87,0.0627950993255348
20_88,19_88,0.12559019865107
20_88,19_89,0.0627950993255348
20_88,20_87,0.125005354756002
20_88,20_88,0.250010709512004
20_88,20_89,0.125005354756002
20_88,21_87,0.0621995459184632
20_88,21_88,0.124399091836926
20_88,21_89,0.0621995459184632
20_90,19_89,0.0627950993255348
20_90,19_90,0.12559019865107
20_90,19_91,0.0627950993255348
20_90,20_89,0.125005354756002
20_90,20_90,0.250010709512004
20_90,20_91,0.125005354756002
20_90,21_89,0.0621995459184632
20_90,21_90,0.124399091836926
20_90,21_91,0.0621995459184632
20_92,19_91,0.0627950993255348
20_92,19_92,0.12559019865107
20_92,19_93,0.0627950993255348
20_92,20_91,0.125005354756002
20_92,20_92,0.250010709512004
20_92,20_93,0.125005354756002
20_92,21_91,0.0621995459184632
20_92,21_92,0.124399091836926
20_92,21_93,0.0621995459184632
20_94,19_93,0.0627950993255348
20_94,19_94,0.12559019865107
20_94,19_95,0.0627950993255348
20_94,20_93,0.125005354756002
20_94,20_94,0.250010709512004
20_94,20_95,0.125005354756002
20_94,21_93,0.0621995459184632
20_94,21_94,0.124399091836926
20_94,21_95,0.0621995459184632
20_96,19_95,0.0627950993255348
20_96,19_96,0.12559019865107
20_96,19_97,0.0627950993255348
20_96,20_95,0.125005354756002
20_96,20_96,0.250010709512004
20_96,20_97,0.125005354756002
20_96,21_95,0.0621995459184632
20_96,21_96,0.124399091836926
20_96,21_97,0.0621995459184632
20_98,19_97,0.0627950993255348
20_98,19_98,0.12559019865107
20_98,19_99,0.0627950993255348
20_98,20_97,0.125005354756002
20_98,20_98,0.250010709512004
20_98,20_99,0.125005354756002
20_98,21_97,0.0621995459184632
20_98,21_98,0.124399091836926
20_98,21_99,0.0621995459184632
20_100,19_99,0.0837267991007131
20_100,19_100,0.167453598201426
20_100,20_99,0.166673806341336
20_100,20_100,0.333347612682672
20_100,21_99,0.0829327278912842
20_100,21_100,0.165865455782568
22_68,21_67,0.0628278705249443
22_68,21_68,0.125655741049889
22_68,21_69,0.0628278705249443
22_68,22_67,0.125005354756002
22_68,22_68,0.250010709512004
22_68,22_69,0.125005354756002
22_68,23_67,0.0621667747190537
22_68,23_68,0.124333549438107
22_68,23_69,0.0621667747190537
22_70,21_69,0.0628278705249443
22_70,21_70,0.125655741049889
22_70,21_71,0.0628278705249443
22_70,22_69,0.125005354756002
22_70,22_70,0.250010709512004
22_70,22_71,0.125005354756002
22_70,23_69,0.0621667747190537
22_70,23_70,0.124333549438107
22_70,23_71,0.0621667747190537
22_72,21_71,0.0628278705249443
22_72,21_72,0.125655741049889
22_72,21_73,0.0628278705249443
22_72,22_71,0.125005354756002
22_72,22_72,0.250010709512004
22_72,22_73,0.125005354756002
22_72,23_71,0.0621667747190537
22_72,23_72,0.124333549438107
22_72,23_73,0.0621667747190537
22_74,21_73,0.0628278705249443
22_74,21_74,0.125655741049889
22_74,21_75,0.0628278705249443
22_74,22_73,0.125005354756002
22_74,22_74,0.250010709512004
22_74,22_75,0.125005354756002
22_74,23_73,0.0621667747190537
22_74,23_74,0.124333549438107
22_74,23_75,0.0621667747190537
22_76,21_75,0.0628278705249443
22_76,21_76,0.125655741049889
22_76,21_77,0.0628278705249443
22_76,22_75,0.125005354756002
22_76,22_76,0.250010709512004
22_76,22_77,0.125005354756002
22_76,23_75,0.0621667747190537
22_76,23_76,0.124333549438107
22_76,23_77,0.0621667747190537
22_78,21_77,0.0628278705249443
22_78,21_78,0.125655741049889
22_78,21_79,0.0628278705249443
22_78,22_77,0.125005354756002
22_78,22_78,0.250010709512004
22_78,22_79,0.125005354756002
22_78,23_77,0.0621667747190537
22_78,23_78,0.124333549438107
22_78,23_79,0.0621667747190537
22_80,21_79,0.0628278705249443
22_80,21_80,0.125655741049889
22_80,21_81,0.0628278705249443
22_80,22_79,0.125005354756002
22_80,22_80,0.250010709512004
22_80,22_81,0.125005354756002
22_80,23_79,0.0621667747190537
22_80,23_80,0.124333549438107
22_80,23_81,0.0621667747190537
22_82,21_81,0.0628278705249443
22_82,21_82,0.125655741049889
22_82,21_83,0.0628278705249443
22_82,22_81,0.125005354756002
22_82,22_82,0.250010709512004
22_82,22_83,0.125005354756002
22_82,23_81,0.0621667747190537
22_82,23_82,0.124333549438107
22_82,23_83,0.0621667747190537
22_84,21_83,0.0628278705249443
22_84,21_84,0.125655741049889
22_84,21_85,0.0628278705249443
22_84,22_83,0.125005354756002
22_84,22_84,0.250010709512004
22_84,22_85,0.125005354756002
22_84,23_83,0.0621667747190537
22_84,23_84,0.124333549438107
22_84,23_85,0.0621667747190537
22_86,21_85,0.0628278705249443
22_86,21_86,0.125655741049889
22_86,21_87,0.0628278705249443
22_86,22_85,0.125005354756002
22_86,22_86,0.250010709512004
22_86,22_87,0.125005354756002
22_86,23_85,0.0621667747190537
22_86,23_86,0.124333549438107
22_86,23_87,0.0621667747190537
22_88,21_87,0.0628278705249443
22_88,21_88,0.125655741049889
22_88,21_89,0.0628278705249443
22_88,22_87,0.125005354756002
22_88,22_88,0.250010709512004
22_88,22_89,0.125005354756002
22_88,23_87,0.0621667747190537
22_88,23_88,0.124333549438107
22_88,23_89,0.0621667747190537
22_90,21_89,0.0628278705249443
22_90,21_90,0.125655741049889
22_90,21_91,0.0628278705249443
22_90,22_89,0.125005354756002
22_90,22_90,0.250010709512004
22_90,22_91,0.125005354756002
22_90,23_89,0.0621667747190537
22_90,23_90,0.124333549438107
22_90,23_91,0.0621667747190537
22_92,21_91,0.0628278705249443
22_92,21_92,0.125655741049889
22_92,21_93,0.0628278705249443
22_92,22_91,0.125005354756002
22_92,22_92,0.250010709512004
22_92,22_93,0.125005354756002
22_92,23_91,0.0621667747190537
22_92,23_92,0.124333549438107
22_92,23_93,0.0621667747190537
22_94,21_93,0.0628278705249443
22_94,21_94,0.125655741049889
22_94,21_95,0.0628278705249443
22_94,22_93,0.125005354756002
22_94,22_94,0.250010709512004
22_94,22_95,0.125005354756002
22_94,23_93,0.0621667747190537
22_94,23_94,0.124333549438107
22_94,23_95,0.0621667747190537
22_96,21_95,0.0628278705249443
22_96,21_96,0.125655741049889
22_96,21_97,0.0628278705249443
22_96,22_95,0.125005354756002
22_96,22_96,0.250010709512004
22_96,22_97,0.125005354756002
22_96,23_95,0.0621667747190537
22_96,23_96,0.124333549438107
22_96,23_97,0.0621667747190537
22_98,21_97,0.0628278705249443
22_98,21_98,0.125655741049889
22_98,21_99,0.0628278705249443
22_98,22_97,0.125005354756002
22_98,22_98,0.250010709512004
22_98,22_99,0.125005354756002
22_98,23_97,0.0621667747190537
22_98,23_98,0.124333549438107
22_98,23_99,0.0621667747190537
22_100,21_99,0.0837704940332591
22_100,21_100,0.167540988066518
22_100,22_99,0.166673806341336
22_100,22_100,0.333347612682672
22_100,23_99,0.0828890329587382
22_100,23_100,0.165778065917476
24_68,23_67,0.062861579689608
24_68,23_68,0.125723159379216
24_68,23_69,0.062861579689608
24_68,24_67,0.125005354756002
24_68,24_68,0.250010709512004
24_68,24_69,0.125005354756002
24_68,25_67,0.06213306555439
24_68,25_68,0.12426613110878
24_68,25_69,0.06213306555439
24_70,23_69,0.062861579689608
24_70,23_70,0.125723159379216
24_70,23_71,0.062861579689608
24_70,24_69,0.125005354756002
24_70,24_70,0.250010709512004
24_70,24_71,0.125005354756002
24_70,25_69,0.06213306555439
24_70,25_70,0.12426613110878
24_70,25_71,0.06213306555439
24_72,23_71,0.062861579689608
24_72,23_72,0.125723159379216
24_72,23_73,0.062861579689608
24_72,24_71,0.125005354756002
24_72,24_72,0.250010709512004
24_72,24_73,0.125005354756002
24_72,25_71,0.06213306555439
24_72,25_72,0.12426613110878
24_72,25_73,0.06213306555439
24_74,23_73,0.062861579689608
24_74,23_74,0.125723159379216
24_74,23_75,0.062861579689608
24_74,24_73,0.125005354756002
24_74,24_74,0.250010709512004
24_74,24_75,0.125005354756002
24_74,25_73,0.06213306555439
24_74,25_74,0.12426613110878
24_74,25_75,0.06213306555439
24_76,23_75,0.062861579689608
24_76,23_76,0.125723159379216
24_76,23_77,0.062861579689608
24_76,24_75,0.125005354756002
24_76,24_76,0.250010709512004
24_76,24_77,0.125005354756002
24_76,25_75,0.06213306555439
24_76,25_76,0.12426613110878
24_76,25_77,0.06213306555439
24_78,23_77,0.062861579689608
24_78,23_78,0.125723159379216
24_78,23_79,0.062861579689608
24_78,24_77,0.125005354756002
24_78,24_78,0.250010709512004
24_78,24_79,0.125005354756002
24_78,25_77,0.06213306555439
24_78,25_78,0.12426613110878
24_78,25_79,0.06213306555439
24_80,23_79,0.062861579689608
24_80,23_80,0.125723159379216
24_80,23_81,0.062861579689608
24_80,24_79,0.125005354756002
24_80,24_80,0.250010709512004
24_80,24_81,0.125005354756002
24_80,25_79,0.06213306555439
24_80,25_80,0.12426613110878
24_80,25_81,0.06213306555439
24_82,23_81,0.062861579689608
24_82,23_82,0.125723159379216
24_82,23_83,0.062861579689608
24_82,24_81,0.125005354756002
24_82,24_82,0.250010709512004
24_82,24_83,0.125005354756002
24_82,25_81,0.06213306555439
24_82,25_82,0.12426613110878
24_82,25_83,0.06213306555439
24_84,23_83,0.062861579689608
24_84,23_84,0.125723159379216
24_84,23_85,0.062861579689608
24_84,24_83,0.125005354756002
24_84,24_84,0.250010709512004
24_84,24_85,0.125005354756002
24_84,25_83,0.06213306555439
24_84,25_84,0.12426613110878
24_84,25_85,0.06213306555439
24_86,23_85,0.062861579689608
24_86,23_86,0.125723159379216
24_86,23_87,0.062861579689608
24_86,24_85,0.125005354756002
24_86,24_86,0.250010709512004
24_86,24_87,0.125005354756002
24_86,25_85,0.06213306555439
24_86,25_86,0.12426613110878
24_86,25_87,0.06213306555439
24_88,23_87,0.062861579689608
24_88,23_88,0.125723159379216
24_88,23_89,0.062861579689608
24_88,24_87,0.125005354756002
24_88,24_88,0.250010709512004
24_88,24_89,0.125005354756002
24_88,25_87,0.06213306555439
24_88,25_88,0.12426613110878
24_88,25_89,0.06213306555439
24_90,23_89,0.062861579689608
24_90,23_90,0.125723159379216
24_90,23_91,0.062861579689608
24_90,24_89,0.125005354756002
24_90,24_90,0.250010709512004
24_90,24_91,0.125005354756002
24_90,25_89,0.06213306555439
24_90,25_90,0.12426613110878
24_90,25_91,0.06213306555439
24_92,23_91,0.062861579689608
24_92,23_92,0.125723159379216
24_92,23_93,0.062861579689608
24_92,24_91,0.125005354756002
24_92,24_92,0.250010709512004
24_92,24_93,0.125005354756002
24_92,25_91,0.06213306555439
24_92,25_92,0.12426613110878
24_92,25_93,0.06213306555439
24_94,23_93,0.062861579689608
24_94,23_94,0.125723159379216
24_94,23_95,0.062861579689608
24_94,24_93,0.125005354756002
24_94,24_94,0.250010709512004
24_94,24_95,0.125005354756002
24_94,25_93,0.06213306555439
24_94,25_94,0.12426613110878
24_94,25_95,0.06213306555439
24_96,23_95,0.062861579689608
24_96,23_96,0.125723159379216
24_96,23_97,0.062861579689608
24_96,24_95,0.125005354756002
24_96,24_96,0.250010709512004
24_96,24_97,0.125005354756002
24_96,25_95,0.06213306555439
24_96,25_96,0.12426613110878
24_96,25_97,0.06213306555439
24_98,23_97,0.062861579689608
24_98,23_98,0.125723159379216
24_98,23_99,0.062861579689608
24_98,24_97,0.125005354756002
24_98,24_98,0.250010709512004
24_98,24_99,0.125005354756002
24_98,25_97,0.06213306555439
24_98,25_98,0.12426613110878
24_98,25_99,0.06213306555439
24_100,23_99,0.0838154395861439
24_100,23_100,0.167630879172288
24_100,24_99,0.166673806341336
24_100,24_100,0.333347612682672
24_100,25_99,0.0828440874058533
24_100,25_100,0.165688174811707
26_68,25_67,0.0628963536106812
26_68,25_68,0.125792707221362
26_68,25_69,0.0628963536106812
26_68,26_67,0.125005354756002
26_68,26_68,0.250010709512004
26_68,26_69,0.125005354756002
26_68,27_67,0.0620982916333168
26_68,27_68,0.124196583266634
26_68,27_69,0.0620982916333168
26_70,25_69,0.0628963536106812
26_70,25_70,0.125792707221362
26_70,25_71,0.0628963536106812
26_70,26_69,0.125005354756002
26_70,26_70,0.250010709512004
26_70,26_71,0.125005354756002
26_70,27_69,0.0620982916333168
26_70,27_70,0.124196583266634
26_70,27_71,0.0620982916333168
26_72,25_71,0.0628963536106812
26_72,25_72,0.125792707221362
26_72,25_73,0.0628963536106812
26_72,26_71,0.125005354756002
26_72,26_72,0.250010709512004
26_72,26_73,0.125005354756002
26_72,27_71,0.0620982916333168
26_72,27_72,0.124196583266634
26_72,27_73,0.0620982916333168
26_74,25_73,0.0628963536106812
26_74,25_74,0.125792707221362
26_74,25_75,0.0628963536106812
26_74,26_73,0.125005354756002
26_74,26_74,0.250010709512004
26_74,26_75,0.125005354756002
26_74,27_73,0.0620982916333168
26_74,27_74,0.124196583266634
26_74,27_75,0.0620982916333168
26_76,25_75,0.0628963536106812
26_76,25_76,0.125792707221362
26_76,25_77,0.0628963536106812
26_76,26_75,0.125005354756002
26_76,26_76,0.250010709512004
26_76,26_77,0.125005354756002
26_76,27_75,0.0620982916333168
26_76,27_76,0.124196583266634
26_76,27_77,0.0620982916333168
26_78,25_77,0.0628963536106812
26_78,25_78,0.125792707221362
26_78,25_79,0.0628963536106812
26_78,26_77,0.125005354756002
26_78,26_78,0.250010709512004
26_78,26_79,0.125005354756002
26_78,27_77,0.0620982916333168
26_78,27_78,0.124196583266634
26_78,27_79,0.0620982916333168
26_80,25_79,0.0628963536106812
26_80,25_80,0.125792707221362
26_80,25_81,0.0628963536106812
26_80,26_79,0.125005354756002
26_80,26_80,0.250010709512004
26_80,26_81,0.125005354756002
26_80,27_79,0.0620982916333168
26_80,27_80,0.124196583266634
26_80,27_81,0.0620982916333168
26_82,25_81,0.0628963536106812
26_82,25_82,0.125792707221362
26_82,25_83,0.0628963536106812
26_82,26_81,0.125005354756002
26_82,26_82,0.250010709512004
26_82,26_83,0.125005354756002
26_82,27_81,0.0620982916333168
26_82,27_82,0.124196583266634
26_82,27_83,0.0620982916333168
26_84,25_83,0.0628963536106812
26_84,25_84,0.125792707221362
26_84,25_85,0.0628963536106812
26_84,26_83,0.125005354756002
26_84,26_84,0.250010709512004
26_84,26_85,0.125005354756002
26_84,27_83,0.0620982916333168
26_84,27_84,0.124196583266634
26_84,27_85,0.0620982916333168
26_86,25_85,0.0628963536106812
26_86,25_86,0.125792707221362
26_86,25_87,0.0628963536106812
26_86,26_85,0.125005354756002
26_86,26_86,0.250010709512004
26_86,26_87,0.125005354756002
26_86,27_85,0.0620982916333168
26_86,27_86,0.124196583266634
26_86,27_87,0.0620982916333168
26_88,25_87,0.0628963536106812
26_88,25_88,0.125792707221362
26_88,25_89,0.0628963536106812
26_88,26_87,0.125005354756002
26_88,26_88,0.250010709512004
26_88,26_89,0.125005354756002
26_88,27_87,0.0620982916333168
26_88,27_88,0.124196583266634
26_88,27_89,0.0620982916333168
26_90,25_89,0.0628963536106812
26_90,25_90,0.125792707221362
26_90,25_91,0.0628963536106812
26_90,26_89,0.125005354756002
26_90,26_90,0.250010709512004
26_90,26_91,0.125005354756002
26_90,27_89,0.0620982916333168
26_90,27_90,0.124196583266634
26_90,27_91,0.0620982916333168
26_92,25_91,0.0628963536106812
26_92,25_92,0.125792707221362
26_92,25_93,0.0628963536106812
26_92,26_91,0.125005354756002
26_92,26_92,0.250010709512004
26_92,26_93,0.125005354756002
26_92,27_91,0.0620982916333168
26_92,27_92,0.124196583266634
26_92,27_93,0.0620982916333168
26_94,25_93,0.0628963536106812
26_94,25_94,0.125792707221362
26_94,25_95,0.0628963536106812
26_94,26_93,0.125005354756002
26_94,26_94,0.250010709512004
26_94,26_95,0.125005354756002
26_94,27_93,0.0620982916333168
26_94,27_94,0.124196583266634
26_94,27_95,0.0620982916333168
26_96,25_95,0.0628963536106812
26_96,25_96,0.125792707221362
26_96,25_97,0.0628963536106812
26_96,26_95,0.125005354756002
26_96,26_96,0.250010709512004
26_96,26_97,0.125005354756002
26_96,27_95,0.0620982916333168
26_96,27_96,0.124196583266634
26_96,27_97,0.0620982916333168
26_98,25_97,0.0628963536106812
26_98,25_98,0.125792707221362
26_98,25_99,0.0628963536106812
26_98,26_97,0.125005354756002
26_98,26_98,0.250010709512004
26_98,26_99,0.125005354756002
26_98,27_97,0.0620982916333168
26_98,27_98,0.124196583266634
26_98,27_99,0.0620982916333168
26_100,25_99,0.0838618048142416
26_100,25_100,0.167723609628483
26_100,26_99,0.166673806341336
26_100,26_100,0.333347612682672
26_100,27_99,0.0827977221777558
26_100,27_100,0.165595444355511
28_68,27_67,0.0629323325950487
28_68,27_68,0.125864665190097
28_68,27_69,0.0629323325950487
28_68,28_67,0.125005354756002
28_68,28_68,0.250010709512004
28_68,28_69,0.125005354756002
28_68,29_67,0.0620623126489492
28_68,29_68,0.124124625297898
28_68,29_69,0.0620623126489492
28_70,27_69,0.0629323325950487
28_70,27_70,0.125864665190097
28_70,27_71,0.0629323325950487
28_70,28_69,0.125005354756002
28_70,28_70,0.250010709512004
28_70,28_71,0.125005354756002
28_70,29_69,0.0620623126489492
28_70,29_70,0.124124625297898
28_70,29_71,0.0620623126489492
28_72,27_71,0.0629323325950487
28_72,27_72,0.125864665190097
28_72,27_73,0.0629323325950487
28_72,28_71,0.125005354756002
28_72,28_72,0.250010709512004
28_72,28_73,0.125005354756002
28_72,29_71,0.0620623126489492
28_72,29_72,0.124124625297898
28_72,29_73,0.0620623126489492
28_74,27_73,0.0629323325950487
28_74,27_74,0.125864665190097
28_74,27_75,0.0629323325950487
28_74,28_73,0.125005354756002
28_74,28_74,0.250010709512004
28_74,28_75,0.125005354756002
28_74,29_73,0.0620623126489492
28_74,29_74,0.124124625297898
28_74,29_75,0.0620623126489492
28_76,27_75,0.0629323325950487
28_76,27_76,0.125864665190097
28_76,27_77,0.0629323325950487
28_76,28_75,0.125005354756002
28_76,28_76,0.250010709512004
28_76,28_77,0.125005354756002
28_76,29_75,0.0620623126489492
28_76,29_76,0.124124625297898
28_76,29_77,0.0620623126489492
28_78,27_77,0.0629323325950487
28_78,27_78,0.125864665190097
28_78,27_79,0.0629323325950487
28_78,28_77,0.125005354756002
28_78,28_78,0.250010709512004
28_78,28_79,0.125005354756002
28_78,29_77,0.0620623126489492
28_78,29_78,0.124124625297898
28_78,29_79,0.0620623126489492
28_80,27_79,0.0629323325950487
28_80,27_80,0.125864665190097
28_80,27_81,0.0629323325950487
28_80,28_79,0.125005354756002
28_80,28_80,0.250010709512004
28_80,28_81,0.125005354756002
28_80,29_79,0.0620623126489492
28_80,29_80,0.124124625297898
28_80,29_81,0.0620623126489492
28_82,27_81,0.0629323325950487
28_82,27_82,0.125864665190097
28_82,27_83,0.0629323325950487
28_82,28_81,0.125005354756002
28_82,28_82,0.250010709512004
28_82,28_83,0.125005354756002
28_82,29_81,0.0620623126489492
28_82,29_82,0.124124625297898
28_82,29_83,0.0620623126489492
28_84,27_83,0.0629323325950487
28_84,27_84,0.125864665190097
28_84,27_85,0.0629323325950487
28_84,28_83,0.125005354756002
28_84,28_84,0.250010709512004
28_84,28_85,0.125005354756002
28_84,29_83,0.0620623126489492
28_84,29_84,0.124124625297898
28_84,29_85,0.0620623126489492
28_86,27_85,0.0629323325950487
28_86,27_86,0.125864665190097
28_86,27_87,0.0629323325950487
28_86,28_85,0.125005354756002
28_86,28_86,0.250010709512004
28_86,28_87,0.125005354756002
28_86,29_85,0.0620623126489492
28_86,29_86,0.124124625297898
28_86,29_87,0.0620623126489492
28_88,27_87,0.0629323325950487
28_88,27_88,0.125864665190097
28_88,27_89,0.0629323325950487
28_88,28_87,0.125005354756002
28_88,28_88,0.250010709512004
28_88,28_89,0.125005354756002
28_88,29_87,0.0620623126489492
28_88,29_88,0.124124625297898
28_88,29_89,0.0620623126489492
28_90,27_89,0.0629323325950487
28_90,27_90,0.125864665190097
28_90,27_91,0.0629323325950487
28_90,28_89,0.125005354756002
28_90,28_90,0.250010709512004
28_90,28_91,0.125005354756002
28_90,29_89,0.0620623126489492
28_90,29_90,0.124124625297898
28_90,29_91,0.0620623126489492
28_92,27_91,0.0629323325950487
28_92,27_92,0.125864665190097
28_92,27_93,0.0629323325950487
28_92,28_91,0.125005354756002
28_92,28_92,0.250010709512004
28_92,28_93,0.125005354756002
28_92,29_91,0.0620623126489492
28_92,29_92,0.124124625297898
28_92,29_93,0.0620623126489492
28_94,27_93,0.0629323325950487
28_94,27_94,0.125864665190097
28_94,27_95,0.0629323325950487
28_94,28_93,0.125005354756002
28_94,28_94,0.250010709512004
28_94,28_95,0.125005354756002
28_94,29_93,0.0620623126489492
28_94,29_94,0.124124625297898
28_94,29_95,0.0620623126489492
28_96,27_95,0.0629323325950487
28_96,27_96,0.125864665190097
28_96,27_97,0.0629323325950487
28_96,28_95,0.125005354756002
28_96,28_96,0.250010709512004
28_96,28_97,0.125005354756002
28_96,29_95,0.0620623126489492
28_96,29_96,0.124124625297898
28_96,29_97,0.0620623126489492
28_98,27_97,0.0629323325950487
28_98,27_98,0.125864665190097
28_98,27_99,0.0629323325950487
28_98,28_97,0.125005354756002
28_98,28_98,0.250010709512004
28_98,28_99,0.125005354756002
28_98,29_97,0.0620623126489492
28_98,29_98,0.124124625297898
28_98,29_99,0.0620623126489492
28_100,27_99,0.0839097767933983
28_100,27_100,0.167819553586797
28_100,28_99,0.166673806341336
28_100,28_100,0.333347612682672
28_100,29_99,0.082749750198599
28_100,29_100,0.165499500397198
30_68,29_67,0.062969672951117
30_68,29_68,0.125939345902234
30_68,29_69,0.062969672951117
30_68,30_67,0.125005354756002
30_68,30_68,0.250010709512004
30_68,30_69,0.125005354756002
30_68,31_67,0.062024972292881
30_68,31_68,0.124049944585762
30_68,31_69,0.062024972292881
30_70,29_69,0.062969672951117
30_70,29_70,0.125939345902234
30_70,29_71,0.062969672951117
30_70,30_69,0.125005354756002
30_70,30_70,0.250010709512004
30_70,30_71,0.125005354756002
30_70,31_69,0.062024972292881
30_70,31_70,0.124049944585762
30_70,31_71,0.062024972292881
30_72,29_71,0.062969672951117
30_72,29_72,0.125939345902234
30_72,29_73,0.062969672951117
30_72,30_71,0.125005354756002
30_72,30_72,0.250010709512004
30_72,30_73,0.125005354756002
30_72,31_71,0.062024972292881
30_72,31_72,0.124049944585762
30_72,31_73,0.062024972292881
30_74,29_73,0.062969672951117
30_74,29_74,0.125939345902234
30_74,29_75,0.062969672951117
30_74,30_73,0.125005354756002
30_74,30_74,0.250010709512004
30_74,30_75,0.125005354756002
30_74,31_73,0.062024972292881
30_74,31_74,0.124049944585762
30_74,31_75,0.062024972292881
30_76,29_75,0.062969672951117
30_76,29_76,0.125939345902234
30_76,29_77,0.062969672951117
30_76,30_75,0.125005354756002
30_76,30_76,0.250010709512004
30_76,30_77,0.125005354756002
30_76,31_75,0.062024972292881
30_76,31_76,0.124049944585762
30_76,31_77,0.062024972292881
30_78,29_77,0.062969672951117
30_78,29_78,0.125939345902234
30_78,29_79,0.062969672951117
30_78,30_77,0.125005354756002
30_78,30_78,0.250010709512004
30_78,30_79,0.125005354756002
30_78,31_77,0.062024972292881
30_78,31_78,0.124049944585762
30_78,31_79,0.062024972292881
30_80,29_79,0.062969672951117
30_80,29_80,0.125939345902234
30_80,29_81,0.062969672951117
30_80,30_79,0.125005354756002
30_80,30_80,0.250010709512004
30_80,30_81,0.125005354756002
30_80,31_79,0.062024972292881
30_80,31_80,0.124049944585762
30_80,31_81,0.062024972292881
30_82,29_81,0.062969672951117
30_82,29_82,0.125939345902234
30_82,29_83,0.062969672951117
30_82,30_81,0.125005354756002
30_82,30_82,0.250010709512004
30_82,30_83,0.125005354756002
30_82,31_81,0.062024972292881
30_82,31_82,0.124049944585762
30_82,31_83,0.062024972292881
30_84,29_83,0.062969672951117
30_84,29_84,0.125939345902234
30_84,29_85,0.062969672951117
30_84,30_83,0.125005354756002
30_84,30_84,0.250010709512004
30_84,30_85,0.125005354756002
30_84,31_83,0.062024972292881
30_84,31_84,0.124049944585762
30_84,31_85,0.062024972292881
30_86,29_85,0.062969672951117
30_86,29_86,0.125939345902234
30_86,29_87,0.062969672951117
30_86,30_85,0.125005354756002
30_86,30_86,0.250010709512004
30_86,30_87,0.125005354756002
30_86,31_85,0.062024972292881
30_86,31_86,0.124049944585762
30_86,31_87,0.062024972292881
30_88,29_87,0.062969672951117
30_88,29_88,0.125939345902234
30_88,29_89,0.062969672951117
30_88,30_87,0.125005354756002
30_88,30_88,0.250010709512004
30_88,30_89,0.125005354756002
30_88,31_87,0.062024972292881
30_88,31_88,0.124049944585762
30_88,31_89,0.062024972292881
30_90,29_89,0.062969672951117
30_90,29_90,0.125939345902234
30_90,29_91,0.062969672951117
30_90,30_89,0.125005354756002
30_90,30_90,0.250010709512004
30_90,30_91,0.125005354756002
30_90,31_89,0.062024972292881
30_90,31_90,0.124049944585762
30_90,31_91,0.062024972292881
30_92,29_91,0.062969672951117
30_92,29_92,0.125939345902234
30_92,29_93,0.062969672951117
30_92,30_91,0.125005354756002
30_92,30_92,0.250010709512004
30_92,30_93,0.125005354756002
30_92,31_91,0.062024972292881
30_92,31_92,0.124049944585762
30_92,31_93,0.062024972292881
30_94,29_93,0.062969672951117
30_94,29_94,0.125939345902234
30_94,29_95,0.062969672951117
30_94,30_93,0.125005354756002
30_94,30_94,0.250010709512004
30_94,30_95,0.125005354756002
30_94,31_93,0.062024972292881
30_94,31_94,0.124049944585762
30_94,31_95,0.062024972292881
30_96,29_95,0.062969672951117
30_96,29_96,0.125939345902234
30_96,29_97,0.062969672951117
30_96,30_95,0.125005354756002
30_96,30_96,0.250010709512004
30_96,30_97,0.125005354756002
30_96,31_95,0.062024972292881
30_96,31_96,0.124049944585762
30_96,31_97,0.062024972292881
30_98,29_97,0.062969672951117
30_98,29_98,0.125939345902234
30_98,29_99,0.062969672951117
30_98,30_97,0.125005354756002
30_98,30_98,0.250010709512004
30_98,30_99,0.125005354756002
30_98,31_97,0.062024972292881
30_98,31_98,0.124049944585762
30_98,31_99,0.062024972292881
30_100,29_99,0.0839595639348227
30_100,29_100,0.167919127869645
30_100,30_99,0.166673806341336
30_100,30_100,0.333347612682672
30_100,31_99,0.0826999630571747
30_100,31_100,0.165399926114349
32_68,31_67,0.0630085499648812
32_68,31_68,0.126017099929762
32_68,31_69,0.0630085499648812
32_68,32_67,0.125005354756002
32_68,32_68,0.250010709512004
32_68,32_69,0.125005354756002
32_68,33_67,0.0619860952791168
32_68,33_68,0.123972190558234
32_68,33_69,0.0619860952791168
32_70,31_69,0.0630085499648812
32_70,31_70,0.126017099929762
32_70,31_71,0.0630085499648812
32_70,32_69,0.125005354756002
32_70,32_70,0.250010709512004
32_70,32_71,0.125005354756002
32_70,33_69,0.0619860952791168
32_70,33_70,0.123972190558234
32_70,33_71,0.0619860952791168
32_72,31_71,0.0630085499648812
32_72,31_72,0.126017099929762
32_72,31_73,0.0630085499648812
32_72,32_71,0.125005354756002
32_72,32_72,0.250010709512004
32_72,32_73,0.125005354756002
32_72,33_71,0.0619860952791168
32_72,33_72,0.123972190558234
32_72,33_73,0.0619860952791168
32_74,31_73,0.0630085499648812
32_74,31_74,0.126017099929762
32_74,31_75,0.0630085499648812
32_74,32_73,0.125005354756002
32_74,32_74,0.250010709512004
32_74,32_75,0.125005354756002
32_74,33_73,0.0619860952791168
32_74,33_74,0.123972190558234
32_74,33_75,0.0619860952791168
32_76,31_75,0.0630085499648812
32_76,31_76,0.126017099929762
32_76,31_77,0.0630085499648812
32_76,32_75,0.125005354756002
32_76,32_76,0.250010709512004
32_76,32_77,0.125005354756002
32_76,33_75,0.0619860952791168
32_76,33_76,0.123972190558234
32_76,33_77,0.0619860952791168
32_78,31_77,0.0630085499648812
32_78,31_78,0.126017099929762
32_78,31_79,0.0630085499648812
32_78,32_77,0.125005354756002
32_78,32_78,0.250010709512004
32_78,32_79,0.125005354756002
32_78,33_77,0.0619860952791168
32_78,33_78,0.123972190558234
32_78,33_79,0.0619860952791168
32_80,31_79,0.0630085499648812
32_80,31_80,0.126017099929762
32_80,31_81,0.0630085499648812
32_80,32_79,0.125005354756002
32_80,32_80,0.250010709512004
32_80,32_81,0.125005354756002
32_80,33_79,0.0619860952791168
32_80,33_80,0.123972190558234
32_80,33_81,0.0619860952791168
32_82,31_81,0.0630085499648812
32_82,31_82,0.126017099929762
32_82,31_83,0.0630085499648812
32_82,32_81,0.125005354756002
32_82,32_82,0.250010709512004
32_82,32_83,0.125005354756002
32_82,33_81,0.0619860952791168
32_82,33_82,0.123972190558234
32_82,33_83,0.0619860952791168
32_84,31_83,0.0630085499648812
32_84,31_84,0.126017099929762
32_84,31_85,0.0630085499648812
32_84,32_83,0.125005354756002
32_84,32_84,0.250010709512004
32_84,32_85,0.125005354756002
32_84,33_83,0.0619860952791168
32_84,33_84,0.123972190558234
32_84,33_85,0.0619860952791168
32_86,31_85,0.0630085499648812
32_86,31_86,0.126017099929762
32_86,31_87,0.0630085499648812
32_86,32_85,0.125005354756002
32_86,32_86,0.250010709512004
32_86,32_87,0.125005354756002
32_86,33_85,0.0619860952791168
32_86,33_86,0.123972190558234
32_86,33_87,0.0619860952791168
32_88,31_87,0.0630085499648812
32_88,31_88,0.126017099929762
32_88,31_89,0.0630085499648812
32_88,32_87,0.125005354756002
32_88,32_88,0.250010709512004
32_88,32_89,0.125005354756002
32_88,33_87,0.0619860952791168
32_88,33_88,0.123972190558234
32_88,33_89,0.0619860952791168
32_90,31_89,0.0630085499648812
32_90,31_90,0.126017099929762
32_90,31_91,0.0630085499648812
32_90,32_89,0.125005354756002
32_90,32_90,0.250010709512004
32_90,32_91,0.125005354756002
32_90,33_89,0.0619860952791168
32_90,33_90,0.123972190558234
32_90,33_91,0.0619860952791168
32_92,31_91,0.0630085499648812
32_92,31_92,0.126017099929762
32_92,31_93,0.0630085499648812
32_92,32_91,0.125005354756002
32_92,32_92,0.250010709512004
32_92,32_93,0.125005354756002
32_92,33_91,0.0619860952791168
32_92,33_92,0.123972190558234
32_92,33_93,0.0619860952791168
32_94,31_93,0.0630085499648812
32_94,31_94,0.126017099929762
32_94,31_95,0.0630085499648812
32_94,32_93,0.125005354756002
32_94,32_94,0.250010709512004
32_94,32_95,0.125005354756002
32_94,33_93,0.0619860952791168
32_94,33_94,0.123972190558234
32_94,33_95,0.0619860952791168
32_96,31_95,0.0630085499648812
32_96,31_96,0.126017099929762
32_96,31_97,0.0630085499648812
32_96,32_95,0.125005354756002
32_96,32_96,0.250010709512004
32_96,32_97,0.125005354756002
32_96,33_95,0.0619860952791168
32_96,33_96,0.123972190558234
32_96,33_97,0.0619860952791168
32_98,31_97,0.0630085499648812
32_98,31_98,0.126017099929762
32_98,31_99,0.0630085499648812
32_98,32_97,0.125005354756002
32_98,32_98,0.250010709512004
32_98,32_99,0.125005354756002
32_98,33_97,0.0619860952791168
32_98,33_98,0.123972190558234
32_98,33_99,0.0619860952791168
32_100,31_99,0.0840113999531749
32_100,31_100,0.16802279990635
32_100,32_99,0.166673806341336
32_100,32_100,0.333347612682672
32_100,33_99,0.0826481270388224
32_100,33_100,0.165296254077645
34_68,33_67,0.0630491614916173
34_68,33_68,0.126098322983235
34_68,33_69,0.0630491614916173
34_68,34_67,0.125005354756002
34_68,34_68,0.250010709512004
34_68,34_69,0.125005354756002
34_68,35_67,0.0619454837523807
34_68,35_68,0.123890967504761
34_68,35_69,0.0619454837523807
34_70,33_69,0.0630491614916173
34_70,33_70,0.126098322983235
34_70,33_71,0.0630491614916173
34_70,34_69,0.125005354756002
34_70,34_70,0.250010709512004
34_70,34_71,0.125005354756002
34_70,35_69,0.0619454837523807
34_70,35_70,0.123890967504761
34_70,35_71,0.0619454837523807
34_72,33_71,0.0630491614916173
34_72,33_72,0.126098322983235
34_72,33_73,0.0630491614916173
34_72,34_71,0.125005354756002
34_72,34_72,0.250010709512004
34_72,34_73,0.125005354756002
34_72,35_71,0.0619454837523807
34_72,35_72,0.123890967504761
34_72,35_73,0.0619454837523807
34_74,33_73,0.0630491614916173
34_74,33_74,0.126098322983235
34_74,33_75,0.0630491614916173
34_74,34_73,0.125005354756002
34_74,34_74,0.250010709512004
34_74,34_75,0.125005354756002
34_74,35_73,0.0619454837523807
34_74,35_74,0.123890967504761
34_74,35_75,0.0619454837523807
34_76,33_75,0.0630491614916173
34_76,33_76,0.126098322983235
34_76,33_77,0.0630491614916173
34_76,34_75,0.125005354756002
34_76,34_76,0.250010709512004
34_76,34_77,0.125005354756002
34_76,35_75,0.0619454837523807
34_76,35_76,0.123890967504761
34_76,35_77,0.0619454837523807
34_78,33_77,0.0630491614916173
34_78,33_78,0.126098322983235
34_78,33_79,0.0630491614916173
34_78,34_77,0.125005354756002
34_78,34_78,0.250010709512004
34_78,34_79,0.125005354756002
34_78,35_77,0.0619454837523807
34_78,35_78,0.123890967504761
34_78,35_79,0.0619454837523807
34_80,33_79,0.0630491614916173
34_80,33_80,0.126098322983235
34_80,33_81,0.0630491614916173
34_80,34_79,0.125005354756002
34_80,34_80,0.250010709512004
34_80,34_81,0.125005354756002
34_80,35_79,0.0619454837523807
34_80,35_80,0.123890967504761
34_80,35_81,0.0619454837523807
34_82,33_81,0.0630491614916173
34_82,33_82,0.126098322983235
34_82,33_83,0.0630491614916173
34_82,34_81,0.125005354756002
34_82,34_82,0.250010709512004
34_82,34_83,0.125005354756002
34_82,35_81,0.0619454837523807
34_82,35_82,0.123890967504761
34_82,35_83,0.0619454837523807
34_84,33_83,0.0630491614916173
34_84,33_84,0.126098322983235
34_84,33_85,0.0630491614916173
34_84,34_83,0.125005354756002
34_84,34_84,0.250010709512004
34_84,34_85,0.125005354756002
34_84,35_83,0.0619454837523807
34_84,35_84,0.123890967504761
34_84,35_85,0.0619454837523807
34_86,33_85,0.0630491614916173
34_86,33_86,0.126098322983235
34_86,33_87,0.0630491614916173
34_86,34_85,0.125005354756002
34_86,34_86,0.250010709512004
34_86,34_87,0.125005354756002
34_86,35_85,0.0619454837523807
34_86,35_86,0.123890967504761
34_86,35_87,0.0619454837523807
34_88,33_87,0.0630491614916173
34_88,33_88,0.126098322983235
34_88,33_89,0.0630491614916173
34_88,34_87,0.125005354756002
34_88,34_88,0.250010709512004
34_88,34_89,0.125005354756002
34_88,35_87,0.0619454837523807
34_88,35_88,0.123890967504761
34_88,35_89,0.0619454837523807
34_90,33_89,0.0630491614916173
34_90,33_90,0.126098322983235
34_90,33_91,0.0630491614916173
34_90,34_89,0.125005354756002
34_90,34_90,0.250010709512004
34_90,34_91,0.125005354756002
34_90,35_89,0.0619454837523807
34_90,35_90,0.123890967504761
34_90,35_91,0.0619454837523807
34_92,33_91,0.0630491614916173
34_92,33_92,0.126098322983235
34_92,33_93,0.0630491614916173
34_92,34_91,0.125005354756002
34_92,34_92,0.250010709512004
34_92,34_93,0.125005354756002
34_92,35_91,0.0619454837523807
34_92,35_92,0.123890967504761
34_92,35_93,0.0619454837523807
34_94,33_93,0.0630491614916173
34_94,33_94,0.126098322983235
34_94,33_95,0.0630491614916173
34_94,34_93,0.125005354756002
34_94,34_94,0.250010709512004
34_94,34_95,0.125005354756002
34_94,35_93,0.0619454837523807
34_94,35_94,0.123890967504761
34_94,35_95,0.0619454837523807
34_96,33_95,0.0630491614916173
34_96,33_96,0.126098322983235
34_96,33_97,0.0630491614916173
34_96,34_95,0.125005354756002
34_96,34_96,0.250010709512004
34_96,34_97,0.125005354756002
34_96,35_95,0.0619454837523807
34_96,35_96,0.123890967504761
34_96,35_97,0.0619454837523807
34_98,33_97,0.0630491614916173
34_98,33_98,0.126098322983235
34_98,33_99,0.0630491614916173
34_98,34_97,0.125005354756002
34_98,34_98,0.250010709512004
34_98,34_99,0.125005354756002
34_98,35_97,0.0619454837523807
34_98,35_98,0.123890967504761
34_98,35_99,0.0619454837523807
34_100,33_99,0.0840655486554897
34_100,33_100,0.168131097310979
34_100,34_99,0.166673806341336
34_100,34_100,0.333347612682672
34_100,35_99,0.0825939783365076
34_100,35_100,0.165187956673015
36_68,35_67,0.0630917323253204
36_68,35_68,0.126183464650641
36_68,35_69,0.0630917323253204
36_68,36_67,0.125005354756002
36_68,36_68,0.250010709512004
36_68,36_69,0.125005354756002
36_68,37_67,0.0619029129186776
36_68,37_68,0.123805825837355
36_68,37_69,0.0619029129186776
36_70,35_69,0.0630917323253204
36_70,35_70,0.126183464650641
36_70,35_71,0.0630917323253204
36_70,36_69,0.125005354756002
36_70,36_70,0.250010709512004
36_70,36_71,0.125005354756002
36_70,37_69,0.0619029129186776
36_70,37_70,0.123805825837355
36_70,37_71,0.0619029129186776
36_72,35_71,0.0630917323253204
36_72,35_72,0.126183464650641
36_72,35_73,0.0630917323253204
36_72,36_71,0.125005354756002
36_72,36_72,0.250010709512004
36_72,36_73,0.125005354756002
36_72,37_71,0.0619029129186776
36_72,37_72,0.123805825837355
36_72,37_73,0.0619029129186776
36_74,35_73,0.0630917323253204
36_74,35_74,0.126183464650641
36_74,35_75,0.0630917323253204
36_74,36_73,0.125005354756002
36_74,36_74,0.250010709512004
36_74,36_75,0.125005354756002
36_74,37_73,0.0619029129186776
36_74,37_74,0.123805825837355
36_74,37_75,0.0619029129186776
36_76,35_75,0.0630917323253204
36_76,35_76,0.126183464650641
36_76,35_77,0.0630917323253204
36_76,36_75,0.125005354756002
36_76,36_76,0.250010709512004
36_76,36_77,0.125005354756002
36_76,37_75,0.0619029129186776
36_76,37_76,0.123805825837355
36_76,37_77,0.0619029129186776
36_78,35_77,0.0630917323253204
36_78,35_78,0.126183464650641
36_78,35_79,0.0630917323253204
36_78,36_77,0.125005354756002
36_78,36_78,0.250010709512004
36_78,36_79,0.125005354756002
36_78,37_77,0.0619029129186776
36_78,37_78,0.123805825837355
36_78,37_79,0.0619029129186776
36_80,35_79,0.0630917323253204
36_80,35_80,0.126183464650641
36_80,35_81,0.0630917323253204
36_80,36_79,0.125005354756002
36_80,36_80,0.250010709512004
36_80,36_81,0.125005354756002
36_80,37_79,0.0619029129186776
36_80,37_80,0.123805825837355
36_80,37_81,0.0619029129186776
36_82,35_81,0.0630917323253204
36_82,35_82,0.126183464650641
36_82,35_83,0.0630917323253204
36_82,36_81,0.125005354756002
36_82,36_82,0.250010709512004
36_82,36_83,0.125005354756002
36_82,37_81,0.0619029129186776
36_82,37_82,0.123805825837355
36_82,37_83,0.0619029129186776
36_84,35_83,0.0630917323253204
36_84,35_84,0.126183464650641
36_84,35_85,0.0630917323253204
36_84,36_83,0.125005354756002
36_84,36_84,0.250010709512004
36_84,36_85,0.125005354756002
36_84,37_83,0.0619029129186776
36_84,37_84,0.123805825837355
36_84,37_85,0.0619029129186776
36_86,35_85,0.0630917323253204
36_86,35_86,0.126183464650641
36_86,35_87,0.0630917323253204
36_86,36_85,0.125005354756002
36_86,36_86,0.250010709512004
36_86,36_87,0.125005354756002
36_86,37_85,0.0619029129186776
36_86,37_86,0.123805825837355
36_86,37_87,0.0619029129186776
36_88,35_87,0.0630917323253204
36_88,35_88,0.126183464650641
36_88,35_89,0.0630917323253204
36_88,36_87,0.125005354756002
36_88,36_88,0.250010709512004
36_88,36_89,0.125005354756002
36_88,37_87,0.0619029129186776
36_88,37_88,0.123805825837355
36_88,37_89,0.0619029129186776
36_90,35_89,0.0630917323253204
36_90,35_90,0.126183464650641
36_90,35_91,0.0630917323253204
36_90,36_89,0.125005354756002
36_90,36_90,0.250010709512004
36_90,36_91,0.125005354756002
36_90,37_89,0.0619029129186776
36_90,37_90,0.123805825837355
36_90,37_91,0.0619029129186776
36_92,35_91,0.0630917323253204
36_92,35_92,0.126183464650641
36_92,35_93,0.0630917323253204
36_92,36_91,0.125005354756002
36_92,36_92,0.250010709512004
36_92,36_93,0.125005354756002
36_92,37_91,0.0619029129186776
36_92,37_92,0.123805825837355
36_92,37_93,0.0619029129186776
36_94,35_93,0.0630917323253204
36_94,35_94,0.126183464650641
36_94,35_95,0.0630917323253204
36_94,36_93,0.125005354756002
36_94,36_94,0.250010709512004
36_94,36_95,0.125005354756002
36_94,37_93,0.0619029129186776
36_94,37_94,0.123805825837355
36_94,37_95,0.0619029129186776
36_96,35_95,0.0630917323253204
36_96,35_96,0.126183464650641
36_96,35_97,0.0630917323253204
36_96,36_95,0.125005354756002
36_96,36_96,0.250010709512004
36_96,36_97,0.125005354756002
36_96,37_95,0.0619029129186776
36_96,37_96,0.123805825837355
36_96,37_97,0.0619029129186776
36_98,35_97,0.0630917323253204
36_98,35_98,0.126183464650641
36_98,35_99,0.0630917323253204
36_98,36_97,0.125005354756002
36_98,36_98,0.250010709512004
36_98,36_99,0.125005354756002
36_98,37_97,0.0619029129186776
36_98,37_98,0.123805825837355
36_98,37_99,0.0619029129186776
36_100,35_99,0.0841223097670939
36_100,35_100,0.168244619534188
36_100,36_99,0.166673806341336
36_100,36_100,0.333347612682672
36_100,37_99,0.0825372172249034
36_100,37_100,0.165074434449807
38_68,37_67,0.25
38_68,37_68,0.5
38_68,37_69,0.25
38_70,37_69,0.25
38_70,37_70,0.5
38_70,37_71,0.25
38_72,37_71,0.25
38_72,37_72,0.5
38_72,37_73,0.25
38_74,37_73,0.25
38_74,37_74,0.5
38_74,37_75,0.25
38_76,37_75,0.25
38_76,37_76,0.5
38_76,37_77,0.25
38_78,37_77,0.25
38_78,37_78,0.5
38_78,37_79,0.25
38_80,37_79,0.25
38_80,37_80,0.5
38_80,37_81,0.25
38_82,37_81,0.25
38_82,37_82,0.5
38_82,37_83,0.25
38_84,37_83,0.25
38_84,37_84,0.5
38_84,37_85,0.25
38_86,37_85,0.25
38_86,37_86,0.5
38_86,37_87,0.25
38_88,37_87,0.25
38_88,37_88,0.5
38_88,37_89,0.25
38_90,37_89,0.25
38_90,37_90,0.5
38_90,37_91,0.25
38_92,37_91,0.25
38_92,37_92,0.5
38_92,37_93,0.25
38_94,37_93,0.25
38_94,37_94,0.5
38_94,37_95,0.25
38_96,37_95,0.25
38_96,37_96,0.5
38_96,37_97,0.25
38_98,37_97,0.25
38_98,37_98,0.5
38_98,37_99,0.25
38_100,37_99,0.333333333333333
38_100,37_100,0.666666666666667
